mode,n_dpas,wg_size,n_wg,dpas_count_in_asm,median_ns,mean_ns,min_ns,max_ns,cycles_per_dpas,ghz
latency,1,16,1,1,6958.0,7081.5,5914.0,9147.0,16699.2,2.4
latency,2,16,1,2,7020.0,7090.2,5948.0,9214.0,8424.0,2.4
latency,4,16,1,4,6938.0,7031.8,5952.0,9430.0,4162.8,2.4
latency,8,16,1,8,7264.0,7323.1,6213.0,9680.0,2179.2,2.4
latency,16,16,1,16,7109.0,7138.0,6105.0,9542.0,1066.35,2.4
latency,32,16,1,32,7359.0,7369.7,6374.0,9574.0,551.925,2.4
latency,64,16,1,64,8080.0,8215.0,7211.0,10296.0,303.0,2.4
latency,128,16,1,128,8713.0,8817.6,7750.0,11283.0,163.36875,2.4
latency,256,16,1,256,10463.0,10556.8,9499.0,12839.0,98.090625,2.4
