n_sgs,wg_x,median_ns,cyc_per_dpas,barrier_overhead_cyc
1,16,8306.0,311.47499999999997,18.375
2,32,8222.0,154.1625,0.65625
4,64,8571.0,80.35312499999999,6.0
8,128,8743.0,40.9828125,1.7953125000000014
16,256,9154.0,21.4546875,1.7882812500000007
