precision,n_dpas,dpas_count_asm,median_ns,cycles_per_dpas
BF16,1,1,6948.0,16675.2
BF16,4,4,7172.0,4303.2
BF16,16,16,7052.0,1057.8
BF16,64,64,7916.0,296.84999999999997
BF16,128,128,8670.0,162.5625
BF16,256,256,10537.0,98.784375
FP16,1,1,6969.0,16725.6
FP16,4,4,7005.0,4203.0
FP16,16,16,7195.0,1079.25
FP16,64,64,7851.0,294.41249999999997
FP16,128,128,8664.0,162.45
FP16,256,256,10597.0,99.346875
