reload_freq,median_ns,cyc_per_iter,delta_cyc
0,7955.0,298.3125,0
1,8152.0,305.7,7.387499999999989
2,8160.0,306.0,7.6875
4,7903.0,296.3625,-1.9499999999999886
8,7840.0,294.0,-4.3125
16,7901.0,296.28749999999997,-2.025000000000034
