store_interval,median_ns,cyc_per_iter,delta_cyc
0,7975.0,299.0625,0
1,8806.0,330.22499999999997,31.162499999999966
2,8214.0,308.025,8.962499999999977
4,8074.0,302.775,3.7124999999999773
8,7941.0,297.78749999999997,-1.275000000000034
16,7946.0,297.97499999999997,-1.087500000000034
64,7860.0,294.75,-4.3125
