n_alu,n_iter,median_ns,cyc_per_iter,delta_cyc
0,64,7933.0,297.4875,0
1,64,7805.0,292.6875,-4.800000000000011
2,64,7995.0,299.8125,2.3249999999999886
4,64,7896.0,296.09999999999997,-1.3875000000000455
8,64,7967.0,298.7625,1.2749999999999773
16,64,7759.0,290.9625,-6.525000000000034
