type,median_ns,cyc_per_iter,delta_cyc
none,7869.0,295.0875,0
control_barrier,8376.0,314.09999999999997,19.01249999999999
