reload,median_ns,cyc_per_iter,delta_cyc
none,7794.0,292.275,0
A only,7966.0,298.72499999999997,6.449999999999989
B only,7854.0,294.525,2.25
A+B,8111.0,304.16249999999997,11.887499999999989
