sg_per_wg,n_wg,wg_x,median_ns,tflops,cyc_per_dpas
1,1280,16,63169.0,84.98961705900045,0.11566589355468751
2,640,32,63186.0,84.96675086253285,0.115697021484375
4,320,64,63202.0,84.9452409733869,0.115726318359375
8,160,128,63152.0,85.01249556625284,0.115634765625
16,80,256,63130.0,85.04212133692381,0.115594482421875
32,40,512,63136.0,85.03403953370501,0.11560546875
