n_wg,median_ns,ns_per_wg
1,6910.0,6910.0
2,7088.0,3544.0
4,6921.0,1730.25
8,6979.0,872.375
16,7258.0,453.625
32,7553.0,236.03125
64,8249.0,128.890625
128,9968.0,77.875
256,14365.0,56.11328125
512,21984.0,42.9375
1024,39696.0,38.765625
2048,80666.0,39.3876953125
4096,157077.0,38.348876953125
8192,321199.0,39.2088623046875
