sg_per_wg,wg_x,median_ns,cyc_per_dpas,ratio_to_latency
1,16,21370.0,50.0859375,1.5177556818181819
2,32,21388.0,25.0640625,0.7595170454545455
4,64,21468.0,12.57890625,0.38117897727272726
8,128,21498.0,6.2982421875,0.19085582386363636
16,256,21765.0,3.188232421875,0.09661310369318182
