mode,n_dpas,wg_size,n_wg,dpas_count_in_asm,median_ns,mean_ns,min_ns,max_ns,cycles_per_dpas,ghz
latency,1,16,1,1,5854.0,6259.7,5531.0,10910.0,14049.6,2.4
latency,4,16,1,4,5816.0,6113.4,5550.0,10928.0,3489.6,2.4
latency,16,16,1,16,6053.0,6116.4,5821.0,10320.0,907.9499999999999,2.4
latency,64,16,1,64,8020.0,7811.1,6579.0,12150.0,300.75,2.4
latency,128,16,1,128,8815.0,8905.0,8534.0,13176.0,165.28125,2.4
latency,256,16,1,256,9391.0,9521.1,9199.0,13923.0,88.04062499999999,2.4
latency,512,16,1,512,14123.0,14310.9,13883.0,18753.0,66.2015625,2.4
