reload,median_ns,cyc_per_iter,delta_cyc
none,7802.0,292.575,0
A only,6992.0,262.2,-30.375
B only,7073.0,265.2375,-27.337499999999977
A+B,7078.0,265.425,-27.149999999999977
