n_sgs,wg_x,median_ns,cyc_per_dpas,barrier_overhead_cyc
1,16,6961.0,261.03749999999997,6.562499999999972
2,32,7192.0,134.85,10.6875
4,64,7182.0,67.33125,3.2249999999999943
8,128,7423.0,34.7953125,2.629687500000003
16,256,7987.0,18.71953125,1.9523437500000007
