precision,n_dpas,dpas_count_asm,median_ns,cycles_per_dpas
BF16,1,1,5954.0,14289.6
BF16,4,4,6000.0,3600.0
BF16,16,16,6018.0,902.6999999999999
BF16,64,64,6708.0,251.54999999999998
BF16,128,128,7527.0,141.13125
BF16,256,256,9499.0,89.053125
