reload_freq,median_ns,cyc_per_iter,delta_cyc
0,7837.0,293.8875,0
1,8354.0,313.275,19.38749999999999
2,7789.0,292.0875,-1.8000000000000114
4,7688.0,288.3,-5.587499999999977
8,7874.0,295.275,1.3874999999999886
16,7811.0,292.91249999999997,-0.9750000000000227
