n_alu,n_iter,median_ns,cyc_per_iter,delta_cyc
0,64,6850.0,256.875,0
1,64,6790.0,254.625,-2.25
2,64,6929.0,259.8375,2.9624999999999773
4,64,7106.0,266.47499999999997,9.599999999999966
8,64,6880.0,258.0,1.125
16,64,6730.0,252.375,-4.5
