store_interval,median_ns,cyc_per_iter,delta_cyc
0,6786.0,254.475,0
1,7459.0,279.7125,25.237499999999983
2,7165.0,268.6875,14.212500000000006
4,6886.0,258.22499999999997,3.7499999999999716
8,6792.0,254.7,0.22499999999999432
16,6851.0,256.91249999999997,2.4374999999999716
64,6840.0,256.5,2.0250000000000057
