sg_per_wg,wg_x,median_ns,cyc_per_dpas,ratio_to_latency
1,16,20048.0,46.9875,1.4238636363636363
2,32,20220.0,23.6953125,0.7180397727272727
4,64,20161.0,11.8130859375,0.35797230113636364
8,128,20409.0,5.97919921875,0.18118785511363636
16,256,20411.0,2.989892578125,0.09060280539772728
