sg_per_wg,n_wg,wg_x,median_ns,tflops,cyc_per_dpas
1,1280,16,66941.0,80.20061128456402,0.1225726318359375
2,640,32,66784.0,80.3891518926689,0.12228515625
4,320,64,60995.0,88.0188395770145,0.1116851806640625
8,160,128,66865.0,80.29176878785613,0.1224334716796875
16,80,256,66692.0,80.50004678222275,0.12211669921874999
32,40,512,65352.0,82.15064757008201,0.1196630859375
