n_wg,median_ns,ns_per_wg
1,5953.0,5953.0
2,5935.0,2967.5
4,5960.0,1490.0
8,5947.0,743.375
16,6612.0,413.25
32,6643.0,207.59375
64,7249.0,113.265625
128,9010.0,70.390625
256,12997.0,50.76953125
512,21274.0,41.55078125
1024,42773.0,41.7705078125
2048,79083.0,38.61474609375
4096,162882.0,39.76611328125
8192,336720.0,41.103515625
